üèÄ La Vasto Basket nel finale batte il Magic Basket Chieti 84-85 e resta prima... #basket #basketball https://t.co/n3ZeVt2Npo,BasketNewsItaly,2017-11-01 20:06:38,925816372294246410
sign up for winter sports are tomorrow and i really want to do basketball cheer!! i‚Äôve done it most of my life but i don‚Äôt like the way...,cammorynn,2017-11-01 20:06:40,925816380728979456
These Founders Create The Only Way You Should Carry a Basketball https://t.co/xEaYvyV3WE https://t.co/WO4qhcFDPg,StrictlyBrickly,2017-11-01 20:06:42,925816388509454337
"lebron is simultaneously the best basketball player in the world and also the cutest person over 6'5""",lmScampi,2017-11-01 20:06:48,925816414426017794
Jeremy Dixon: Math Teacher and Basketball Coach (@ClimberHoops) at Urbana HS. Dad to 4 and Husband to 1 (she‚Äôs awesome) #ucsteach,JD30Dad4,2017-11-01 20:06:49,925816418578370560
@joshcoomer24 thoughts? ü§î https://t.co/p55dDiibux,RobertCoomer,2017-11-01 20:06:52,925816430418853888
hi my name is trey and i got a basketball game toMArrow,florahlist,2017-11-01 20:06:54,925816436689395713
this is a psa that my basketball season starts today which means i wont be as active as i always am during the weekdays for a long time &lt;/3,notjuliapaiano,2017-11-01 20:06:55,925816441236017152
#OKState basketball practicing two days before its exhibition game Friday. Regular-season opener: Nine days. https://t.co/M2hscaaM7N,mark_cooperjr,2017-11-01 20:07:00,925816465156198400
Basketball* https://t.co/pYeUhzLEmj,UglyBoyLD,2017-11-01 20:07:02,925816472932372482
Congratulations to the 2017-18 @MountainWest women's basketball preseason All-Conference Team #MWBB‚Ä¶ https://t.co/3I4HZPAoUS,MW_WBB,2017-11-01 20:07:05,925816483191705600
NIKE Air Max 97 Mens Running Basketball shoes Us7-11 https://t.co/zdWCFHDYA1 # nike # nike air max 2017 https://t.co/XoZsnKQeaT,liliang19852014,2017-11-01 20:07:05,925816486899437568
Nike Lebron 10 X Floridian Men's Basketball Sneaker Shoes 541100-005 Size 11 https://t.co/g3kpSd0MJ4 #fitspo‚Ä¶ https://t.co/5GjLhCkTyY,justdoitRUN_,2017-11-01 20:07:07,925816491605463040
Alford Basketball Presser: Starting Five Announced https://t.co/Gt43hZFuKr,SoftMediaClub,2017-11-01 20:07:09,925816502388973570
I like seeing all the basketball players &amp; football players get offers from colleges ‚ÄºÔ∏è cause one day y‚Äôall gone make it ü§ûüèΩ,lulanasty,2017-11-01 20:07:19,925816544994742272
"Lil Bow Wow ""Cambridge"" #3 Like Mike Basketball Jersey $49.99 | https://t.co/1uqYEgu8L2 https://t.co/E6H7H5zoXG",MajorFlavaUSA,2017-11-01 20:07:19,925816545355468800
"ÏÑúÏö∏ ÎùºÏù¥Î≤åÎì§Ïùò 'S-ÎçîÎπÑ'‚Ä¶ SK, Í∞úÎßâÌõÑ Ï≤´ Ïì¥Îßõ

https://t.co/avh6Z8JUIj https://t.co/OnR3cjbci6",_THE_LEAD_,2017-11-01 20:07:27,925816576015663104
"Girls Basketball sign up meeting Tuesday, Nov. 7th immediately after school in Room 109M.",Bluedevilshoops,2017-11-01 20:07:28,925816579690057728
"SEASON PREVIEW - 2017-18 #MSUBWBB set to take care of 'Unfinished Business' - https://t.co/AfRcDCQG0K

#GNACWBB https://t.co/95JC0c2YyB",MSUBWBB,2017-11-01 20:07:32,925816598295744512
"SEASON PREVIEW - 2017-18 #MSUBWBB set to take care of 'Unfinished Business' - https://t.co/WTlCTvQO0b

#GNACWBB https://t.co/7DFyicIOj4",MSUBsports,2017-11-01 20:07:32,925816598291611648
basketball players *** üòãüòçüòç https://t.co/DuEPO4VOC2,itstyduh_,2017-11-01 20:07:39,925816629027422208
Meee https://t.co/FW4nh0aNGE,danclu31700,2017-11-01 20:07:40,925816632789929987
"Top 25 Preseason Basketball Early Contenders are here!

@lynden_o joins us LIVE for full breakdown

Tune In:‚Ä¶ https://t.co/QC1Zt39jbc",MaxPreps,2017-11-01 20:07:41,925816635591573507
Just like there's little to no evidence that he's not https://t.co/I9iBnrPS9a,StoolGreenie,2017-11-01 20:07:44,925816649193631744
NEW ADIDAS D ROSE 773 III Basketball Shoes SZ 10 11.5 Grey/Black D68988 Derrick https://t.co/EWwQUG1OBv,ChonkyfireKicks,2017-11-01 20:07:46,925816658417147906
The Florida #Gators ranked 8th in preseason college basketball AP poll; Miami #Hurricanes ranked 13th,1804r515,2017-11-01 20:07:48,925816663446089729
CACC Women‚Äôs Basketball Preseason Coaches Poll Places Griffins Third in South Division #GriffinNation #CACC #NCAADII https://t.co/BPHliWpe9Q,CHCAthletics,2017-11-01 20:07:48,925816665555664897
NEW ADIDAS D ROSE 773 III Basketball Shoes SZ 11.5 Black/White C75721 Derrick 3 https://t.co/OGvVdIfU0t,ChonkyfireKicks,2017-11-01 20:07:49,925816671167803394
Bradyn Rusher spoke to PHD about who got him started in basketball and some of his favorite things about the game https://t.co/q3D7eDjmfZ,PrepHoopsDakota,2017-11-01 20:07:53,925816685554257925
Georgia Tech basketball brought in four freshman walk-ons this offseason who all have great potential. https://t.co/IgjTbfJsaG,givemeglenn,2017-11-01 20:07:56,925816697520623616
Help support the Maine West Girl's Basketball program! Every player in the program will be shooting 100 free throws‚Ä¶ https://t.co/rVMknsK5mV,MW_Girls_BB,2017-11-01 20:07:56,925816700003602433
"So sorry for your loss man, prayers with yaüôèüèº https://t.co/i8YegJgkpe",nickpetz,2017-11-01 20:07:57,925816702050426880
Fun slate of basketball today can't wait!,dylansfault,2017-11-01 20:07:59,925816710917005312
I am SO looking forward to @VandalsWBB season! https://t.co/l1vHL6meZu,TaraBethIdaho,2017-11-01 20:08:02,925816722099015680
Not to mention the MANY basketball games that he shall be attending üòª,danarioamari_,2017-11-01 20:08:03,925816727249625088
Stephen Curry the most exciting basketball player to watch in history,FirstClassJo,2017-11-01 20:08:03,925816729829367809
